"ACSCluster","AgentNodeName"
"14f86bfa-5ad1-4404-b8c9-e2b0916a2fafSRPRODACSSCUSA","k8s-signalr-31519765-z3-vmss_000005o"
"14f86bfa-5ad1-4404-b8c9-e2b0916a2fafSRPRODACSSCUSB","k8s-signalr-86577201-z3-vmss_00000j4"
"14f86bfa-5ad1-4404-b8c9-e2b0916a2fafSRPRODACSSCUSB","k8s-signalr-86577201-z1-vmss_00000k4"
"14f86bfa-5ad1-4404-b8c9-e2b0916a2fafSRPRODACSSCUSB","k8s-signalr-86577201-z1-vmss_00000k2"
"14f86bfa-5ad1-4404-b8c9-e2b0916a2fafSRPRODACSSCUSB","k8s-signalr-86577201-z3-vmss_00000jb"
"14f86bfa-5ad1-4404-b8c9-e2b0916a2fafSRPRODACSSCUSB","k8s-signalr-86577201-z1-vmss_00000k6"
"14f86bfa-5ad1-4404-b8c9-e2b0916a2fafSRPRODACSSCUSB","k8s-signalr-86577201-z3-vmss_00000j9"
"14f86bfa-5ad1-4404-b8c9-e2b0916a2fafSRPRODACSSCUSB","k8s-signalr-86577201-z3-vmss_00000j7"
"14f86bfa-5ad1-4404-b8c9-e2b0916a2fafSRPRODACSSCUSB","k8s-signalr-86577201-z3-vmss_00000jc"
"14f86bfa-5ad1-4404-b8c9-e2b0916a2fafSRPRODACSSCUSB","k8s-signalr-86577201-z1-vmss_00000k0"
"14f86bfa-5ad1-4404-b8c9-e2b0916a2fafSRPRODACSSCUSB","k8s-signalr-86577201-z3-vmss_00000j2"
"14f86bfa-5ad1-4404-b8c9-e2b0916a2fafSRPRODACSSCUSB","k8s-signalr-86577201-z2-vmss_00000kf"
"14f86bfa-5ad1-4404-b8c9-e2b0916a2fafSRPRODACSSCUSB","k8s-signalr-86577201-z1-vmss_00000jw"
"14f86bfa-5ad1-4404-b8c9-e2b0916a2fafSRPRODACSSCUSB","k8s-signalr-86577201-z2-vmss_00000kd"
"14f86bfa-5ad1-4404-b8c9-e2b0916a2fafSRPRODACSSCUSB","k8s-signalr-86577201-z3-vmss_00000ja"
"6eb60709-e500-4f51-a7fb-1d1fc8f5a93fSRPRODACSWESTUS2B","k8s-signalr-54800825-z1-vmss_000005q"
"7387ad35-91d4-42a3-b02e-7c548e7d7614SRFFACSUSAZB","k8s-master-17497956-000000"
"7399de34-3a22-4e68-bf64-38def135a778SRFFACSUSVAA","k8s-signalr-10765077-z3-vmss_00000e"
"7399de34-3a22-4e68-bf64-38def135a778SRFFACSUSVAB","k8s-signalr-11319990-z1-vmss_00000p"
"8f4dc6f3-a16f-4492-8df8-6b506dfd6915SRPRODACSWUS3A","k8s-system-41777006-vmss_000000"
"8f4dc6f3-a16f-4492-8df8-6b506dfd6915SRPRODACSWUS3A","k8s-signalr-41777006-z2-vmss_00000o"
"b51dacb4-4e4e-4036-905b-0da503df33e8SRPRODACSEUS2A","k8s-signalr-21129879-z2-vmss_00000s1"
"b51dacb4-4e4e-4036-905b-0da503df33e8SRPRODACSEUS2A","k8s-signalr-21129879-z1-vmss_00000us"
"b51dacb4-4e4e-4036-905b-0da503df33e8SRPRODACSEUS2A","k8s-signalr-21129879-z2-vmss_00000rx"
"b51dacb4-4e4e-4036-905b-0da503df33e8SRPRODACSEUS2A","k8s-signalr-21129879-z2-vmss_00000s2"
"b51dacb4-4e4e-4036-905b-0da503df33e8SRPRODACSEUS2A","k8s-signalr-21129879-z2-vmss_00000rv"
"b51dacb4-4e4e-4036-905b-0da503df33e8SRPRODACSEUS2A","k8s-signalr-21129879-z1-vmss_00000uq"
"b63af3a9-49f7-4308-bc52-b681e37044e7SRPRODACSNCUSA","k8s-egsignalr-75628028-vmss_000000"
"ea40881a-24fb-479c-bb46-ee1b32b8a5d6SRPRODACSWESTUSA","k8s-signalr-10970141-vmss_00000fg"
"ea40881a-24fb-479c-bb46-ee1b32b8a5d6SRPRODACSWESTUSA","k8s-signalr-10970141-vmss_00000fd"
"ea40881a-24fb-479c-bb46-ee1b32b8a5d6SRPRODACSWESTUSA","k8s-signalr-10970141-vmss_00000fh"
"ea40881a-24fb-479c-bb46-ee1b32b8a5d6SRPRODACSWESTUSB","k8s-signalr-79468599-vmss_0000015u"
"ea40881a-24fb-479c-bb46-ee1b32b8a5d6SRPRODACSWESTUSB","k8s-signalr-79468599-vmss_00000dw"
"ea40881a-24fb-479c-bb46-ee1b32b8a5d6SRPRODACSWESTUSB","k8s-egwebpubsub-79468599-vmss_000000"
"ea40881a-24fb-479c-bb46-ee1b32b8a5d6SRPRODACSWESTUSB","k8s-signalr-79468599-vmss_00000160"
"ea40881a-24fb-479c-bb46-ee1b32b8a5d6SRPRODACSWESTUSB","k8s-signalr-79468599-vmss_00000161"
"ea40881a-24fb-479c-bb46-ee1b32b8a5d6SRPRODACSWESTUSB","k8s-signalr-79468599-vmss_0000015s"
"ea40881a-24fb-479c-bb46-ee1b32b8a5d6SRPRODACSWESTUSB","k8s-signalr-79468599-vmss_00000162"
"ea40881a-24fb-479c-bb46-ee1b32b8a5d6SRPRODACSWESTUSB","k8s-signalr-79468599-vmss_0000015k"
"f4aaf1ca-45e0-411f-81e3-1e2927b0dd62SRPRODACSCUSC","k8s-signalr-57921120-z2-vmss_00000lb"
"f4aaf1ca-45e0-411f-81e3-1e2927b0dd62SRPRODACSCUSC","k8s-signalr-57921120-z2-vmss_000005i"
"f4aaf1ca-45e0-411f-81e3-1e2927b0dd62SRPRODACSCUSC","k8s-signalr-57921120-z2-vmss_000001i"
"f4aaf1ca-45e0-411f-81e3-1e2927b0dd62SRPRODACSCUSC","k8s-signalr-57921120-z2-vmss_00000lf"
"f4aaf1ca-45e0-411f-81e3-1e2927b0dd62SRPRODACSCUSC","k8s-signalr-57921120-z2-vmss_00000le"
"f4aaf1ca-45e0-411f-81e3-1e2927b0dd62SRPRODACSCUSD","k8s-signalr-32891219-z3-vmss_00000md"
"f4aaf1ca-45e0-411f-81e3-1e2927b0dd62SRPRODACSCUSD","k8s-signalr-32891219-z1-vmss_00000k6"
"f4aaf1ca-45e0-411f-81e3-1e2927b0dd62SRPRODACSCUSD","k8s-signalr-32891219-z1-vmss_000009z"
"f4aaf1ca-45e0-411f-81e3-1e2927b0dd62SRPRODACSCUSD","k8s-signalr-32891219-z1-vmss_00000k4"
